drug_name,smiles,catalog,product_name,source
CUDC-101,COC1=C(C=C2C(=C1)N=CN=C2NC3=CC=CC(=C3)C#C)OCCCCCCC(=O)NO,S1194,CUDC-101,pubchem
Givinostat,CCN(CC)CC1=CC2=C(C=C1)C=C(C=C2)COC(=O)NC3=CC=C(C=C3)C(=O)NO,S2170,Givinostat (ITF2357),pubchem
Abexinostat,CN(C)CC1=C(OC2=CC=CC=C21)C(=O)NCCOC3=CC=C(C=C3)C(=O)NO,S1090,Abexinostat (PCI-24781),pubchem
Belinostat,C1=CC=C(C=C1)NS(=O)(=O)C2=CC=CC(=C2)/C=C/C(=O)NO,S1085,Belinostat (PXD101),pubchem
Pracinostat,CCCCC1=NC2=C(N1CCN(CC)CC)C=CC(=C2)/C=C/C(=O)NO,S1515,Pracinostat (SB939),pubchem
LMK-235,CC1=CC(=CC(=C1)C(=O)NOCCCCCC(=O)NO)C,S7569,LMK-235,pubchem
M344,CN(C)C1=CC=C(C=C1)C(=O)NCCCCCCC(=O)NO,S2779,M344,pubchem
AT9283,C1CC1NC(=O)NC2=C(NN=C2)C3=NC4=C(N3)C=C(C=C4)CN5CCOCC5,S1134,AT9283,pubchem
Mocetinostat,C1=CC=C(C(=C1)N)NC(=O)C2=CC=C(C=C2)CNC3=NC=CC(=N3)C4=CN=CC=C4,S1122,Mocetinostat (MGCD0103),pubchem
Aurora A Inhibitor I,CCN1CCN(CC1)C(=O)CC2=CC=C(C=C2)NC3=NC=C(C(=N3)NC4=CC=C(C=C4)C(=O)NC5=CC=CC=C5Cl)F,S1451,Aurora A Inhibitor I,pubchem
Pacritinib,C1CCN(C1)CCOC2=C3COC/C=C/COCC4=CC(=CC=C4)C5=NC(=NC=C5)NC(=C3)C=C2,S8057,Pacritinib (SB1518),pubchem
Reversine,C1CCC(CC1)NC2=NC(=NC3=C2NC=N3)NC4=CC=C(C=C4)N5CCOCC5,S7588,Reversine,pubchem
JNJ-7706621,C1=CC(=C(C(=C1)F)C(=O)N2C(=NC(=N2)NC3=CC=C(C=C3)S(=O)(=O)N)N)F,S1249,JNJ-7706621,pubchem
GSK J4,CCOC(=O)CCNC1=CC(=NC(=N1)C2=CC=CC=N2)N3CCC4=CC=CC=C4CC3,S7070,GSK J4 HCl,pubchem
SGI-1776,CN1CCC(CC1)CNC2=NN3C(=NC=C3C4=CC(=CC=C4)OC(F)(F)F)C=C2,S2198,SGI-1776 free base,pubchem
BIX 01294,CN1CCCN(CC1)C2=NC3=CC(=C(C=C3C(=N2)NC4CCN(CC4)C5=CC=CC=C5)OC)OC,S8006,BIX 01294,pubchem
FLLL32,COC1=C(C=C(C=C1)/C=C/C(=O)C2(CCCCC2)C(=O)/C=C/C3=CC(=C(C=C3)OC)OC)OC,S7259,FLLL32,pubchem
MI-463,CC1=C(C=CC2=C1C=C(N2)C#N)CN3CCC(CC3)NC4=C5C=C(SC5=NC=N4)CC(F)(F)F,S7816,MI-463,pubchem
TG101209,CC1=CN=C(N=C1NC2=CC(=CC=C2)S(=O)(=O)NC(C)(C)C)NC3=CC=C(C=C3)N4CCN(CC4)C,S2692,TG101209,pubchem
Bromosporine,CCOC(=O)NC1=CC(=NN2C1=NN=C2C)C3=CC(=C(C=C3)C)NS(=O)(=O)C,S7233,Bromosporine,gdsc
AZ6102,C[C@@H]1CN(C[C@@H](N1)C)C2=NC=C(C(=C2)C)C3=CC=C(C=C3)C4=NC5=C(C=CN5C)C(=O)N4,S7767,AZ6102,gdsc
NVP-BSK805,C1CNCCC1N2C=C(C=N2)C3=NC4=C(C=CC=C4N=C3)C5=CC(=C(C(=C5)F)CN6CCOCC6)F,S2686,NVP-BSK805 2HCl,pubchem
Tenovin-6,CC(C)(C)C1=CC=C(C=C1)C(=O)NC(=S)NC2=CC=C(C=C2)NC(=O)CCCCN(C)C,S4900,Tenovin-6,pubchem
Resminostat,CN(C)CC1=CC=C(C=C1)S(=O)(=O)N2C=CC(=C2)/C=C/C(=O)NO,S2693,Resminostat,pubchem
WT161,CCC1(C(=O)NC(=O)NC1=O)C2=CC3CCC(C3)C2,S8495,WT161,pubchem
Lificiguat,C1=CC=C(C=C1)CN2C3=CC=CC=C3C(=N2)C4=CC=C(O4)CO,S7958,Lificiguat(YC-1),pubchem
Go6976,CN1C2=CC=CC=C2C3=C4C(=C5C6=CC=CC=C6N(C5=C31)CCC#N)CNC4=O,S7119,Go6976,pubchem
Curcumin,COC1=C(C=CC(=C1)/C=C/C(=O)CC(=O)/C=C/C2=CC(=C(C=C2)O)OC)O,S1848,Curcumin,pubchem
2-Methoxyestradiol,C[C@]12CC[C@H]3[C@H]([C@@H]1CC[C@@H]2O)CCC4=CC(=C(C=C34)OC)O,S1233,2-Methoxyestradiol (2-MeOE2),pubchem
SP2509,C/C(=N\NC(=O)C1=CC(=CC=C1)S(=O)(=O)N2CCOCC2)/C3=C(C=CC(=C3)Cl)O,S7680,SP2509,pubchem
AR-42,CC(C)[C@@H](C1=CC=CC=C1)C(=O)NC2=CC=C(C=C2)C(=O)NO,S2244,AR-42,pubchem
Nedaplatin,C(C(=O)[O-])[O-].N.N.[Pt+2],S1826,Nedaplatin ,pubchem
LLY-507,CC1=CN(C2=CC=CC=C12)CCN3CCN(CC3)C4=CC=CC=C4C5=CC(=CC(=C5)C#N)C(=O)NCCCN6CCCC6,S7575,LLY-507,pubchem
Panobinostat,CC1=C(C2=CC=CC=C2N1)CCNCC3=CC=C(C=C3)/C=C/C(=O)NO,S1030,Panobinostat (LBH589),pubchem
Quisinostat,CN1C=C(C2=CC=CC=C21)CNCC3CCN(CC3)C4=NC=C(C=N4)C(=O)NO,S1096,Quisinostat (JNJ-26481585) 2HCl,pubchem
CUDC-907,CN(CC1=CC2=C(S1)C(=NC(=N2)C3=CN=C(C=C3)OC)N4CCOCC4)C5=NC=C(C=N5)C(=O)NO,S2759,CUDC-907,pubchem
CX-6258,CN1CCCN(CC1)C(=O)C2=CC=CC(=C2)C3=CC=C(O3)/C=C/4\C5=C(C=CC(=C5)Cl)NC4=O,S7041,CX-6258 HCl ,pubchem
SRT1720,C1CN(CCN1)CC2=CSC3=NC(=CN23)C4=CC=CC=C4NC(=O)C5=NC6=CC=CC=C6N=C5.Cl,S1129,SRT1720 HCl,pubchem
Dacinostat,C1=CC=C2C(=C1)C(=CN2)CCN(CCO)CC3=CC=C(C=C3)/C=C/C(=O)NO,S1095,Dacinostat (LAQ824),pubchem
Mitomycin C,CC1=C(C(=O)C2=C(C1=O)N3C[C@H]4[C@@H]([C@@]3([C@@H]2COC(=O)N)OC)N4)N,S8146,Mitomycin C,pubchem
BI-847325,CCNC(=O)C#CC1=CC2=C(C=C1)C(=C(N2)O)C(=NC3=CC=C(C=C3)CN(C)C)C4=CC=CC=C4,S7843,BI-847325,pubchem
SGI-1027,CC1=CC(=NC(=N1)N)NC2=CC=C(C=C2)NC(=O)C3=CC=C(C=C3)NC4=CC=NC5=CC=CC=C54,S7276,SGI-1027,pubchem
Bisindolylmaleimide IX,CN1C=C(C2=CC=CC=C21)C3=C(C(=O)NC3=O)C4=CN(C5=CC=CC=C54)CCCSC(=N)N,S7207,Bisindolylmaleimide IX (Ro 31-8220 Mesylate),pubchem
TAK-901,CCS(=O)(=O)C1=CC=CC(=C1)C2=CC(=C(C3=C2C4=C(N3)N=CC(=C4)C)C)C(=O)NC5CCN(CC5)C,S2718,TAK-901,pubchem
Vorinostat,C1=CC=C(C=C1)NC(=O)CCCCCCC(=O)NO,S1047,"Vorinostat (SAHA, MK0683)",gdsc
Scriptaid,C1=CC2=C3C(=C1)C(=O)N(C(=O)C3=CC=C2)CCCCCC(=O)NO,S8043,Scriptaid ,pubchem
CAY10603,CC(C)(C)OC(=O)NC1=CC=C(C=C1)C2=CC(=NO2)C(=O)NCCCCCCC(=O)NO,S7596,CAY10603,pubchem
Hesperadin,CCS(=O)(=O)NC1=CC2=C(C=C1)NC(=C2C(=NC3=CC=C(C=C3)CN4CCCCC4)C5=CC=CC=C5)O,S1529,Hesperadin,pubchem
Fedratinib,CC1=CN=C(N=C1NC2=CC(=CC=C2)S(=O)(=O)NC(C)(C)C)NC3=CC=C(C=C3)OCCN4CCCC4,S2736,"Fedratinib (SAR302503, TG101348)",pubchem
Mivebresib,CCS(=O)(=O)NC1=CC(=C(C=C1)OC2=C(C=C(C=C2)F)F)C3=CN(C(=O)C4=C3C=CN4)C,S8400,Mivebresib(ABBV-075),pubchem
Azacitidine,C1=NC(=NC(=O)N1[C@H]2[C@@H]([C@@H]([C@H](O2)CO)O)O)N,S1782,Azacitidine ,pubchem
4SC-202,CN1C=C(C=N1)C2=CC=C(C=C2)S(=O)(=O)N3C=CC(=C3)/C=C/C(=O)NC4=CC=CC=C4N,S7555,4SC-202,pubchem
Cytarabine,C1=CN(C(=O)N=C1N)[C@H]2[C@H]([C@@H]([C@H](O2)CO)O)O,S1648,Cytarabine,gdsc
GSK1324726A,C[C@H]1C[C@H](C2=C(N1C(=O)C)C=CC(=C2)C3=CC=C(C=C3)C(=O)O)NC4=CC=C(C=C4)Cl,S7620,GSK1324726A (I-BET726),pubchem
AZD5153,C[C@@H]1C(=O)N(CCN1CCOC2=CC=C(C=C2)C3CCN(CC3)C4=NN5C(=NN=C5OC)C=C4)C,S8344,AZD5153,gdsc
JQ1,CC1=C(SC2=C1C(=N[C@H](C3=NN=C(N32)C)CC(=O)OC(C)(C)C)C4=CC=C(C=C4)Cl)C,S7110,(+)-JQ1,gdsc
OTX015,CC1=C(SC2=C1C(=N[C@H](C3=NN=C(N32)C)CC(=O)NC4=CC=C(C=C4)O)C5=CC=C(C=C5)Cl)C,S7360,OTX015,gdsc
ENMD-2076,CC1=CC(=NN1)NC2=CC(=NC(=N2)/C=C/C3=CC=CC=C3)N4CCN(CC4)C,S1181,ENMD-2076,pubchem
ENMD-2076 L--Tartaric acid,CC1=CC(=NN1)NC2=CC(=NC(=N2)/C=C/C3=CC=CC=C3)N4CCN(CC4)C,S2018,ENMD-2076 L-(+)-Tartaric acid ,pubchem
Gemcitabine,C1=CN(C(=O)N=C1N)[C@H]2C([C@@H]([C@H](O2)CO)O)(F)F,GEM,GEM,gdsc
5-Fluorouracil,C1=C(C(=O)NC(=O)N1)F,5-FU,5-FU,gdsc
Paclitaxel,CC1=C2[C@H](C(=O)[C@@]3([C@H](C[C@@H]4[C@]([C@H]3[C@@H]([C@@](C2(C)C)(C[C@@H]1OC(=O)[C@@H]([C@H](C5=CC=CC=C5)NC(=O)C6=CC=CC=C6)O)O)OC(=O)C7=CC=CC=C7)(CO4)OC(=O)C)O)C)OC(=O)C,PTX,PTX,gdsc
Oxaliplatin,C1CC[C@H]([C@@H](C1)[NH-])[NH-].C(=O)(C(=O)O)O.[Pt+2],OXA,OXA,gdsc
Irinotecan,CCC1=C2CN3C(=CC4=C(C3=O)COC(=O)[C@@]4(CC)O)C2=NC5=C1C=C(C=C5)OC(=O)N6CCC(CC6)N7CCCCC7,IRI,IRI,gdsc
